[
  {
    "major": "Computer Science",
    "required_subjects": {
      "Math": 0.4,
      "Physics": 0.3,
      "English": 0.2,
      "Interest_Tech": 0.1
    },
    "career_path": "Software Engineer, AI Specialist"
  },
  {
    "major": "Business Administration",
    "required_subjects": {
      "Math": 0.2,
      "Economics": 0.4,
      "English": 0.3,
      "Interest_Business": 0.1
    },
    "career_path": "Business Analyst, Entrepreneur"
  },
  {
    "major": "Medicine",
    "required_subjects": {
      "Biology": 0.4,
      "Chemistry": 0.3,
      "English": 0.2,
      "Interest_Health": 0.1
    },
    "career_path": "Doctor, Medical Researcher"
  }
]